blind_id,axis,claim_activity,claim_kind
C01,S_STRUCTURAL,CLAIMED,STRUCTURAL
C01,F_FORMAL,CLAIMED,FORMAL
C01,M_MECHANISTIC,CLAIMED,MECHANISTIC
C01,P_PREDICTIVE,CLAIMED,PREDICTIVE
C01,V_VALIDATED,CLAIMED,VALIDATED
C02,S_STRUCTURAL,CLAIMED,STRUCTURAL
C02,F_FORMAL,CLAIMED,FORMAL
C02,M_MECHANISTIC,CLAIMED,MECHANISTIC
C02,P_PREDICTIVE,CLAIMED,PREDICTIVE
C02,V_VALIDATED,CLAIMED,VALIDATED
C03,S_STRUCTURAL,CLAIMED,STRUCTURAL
C03,F_FORMAL,CLAIMED,FORMAL
C03,M_MECHANISTIC,CLAIMED,MECHANISTIC
C03,P_PREDICTIVE,CLAIMED,PREDICTIVE
C03,V_VALIDATED,CLAIMED,VALIDATED
C04,S_STRUCTURAL,CLAIMED,STRUCTURAL
C04,F_FORMAL,CLAIMED,FORMAL
C04,M_MECHANISTIC,CLAIMED,MECHANISTIC
C04,P_PREDICTIVE,CLAIMED,PREDICTIVE
C04,V_VALIDATED,CLAIMED,VALIDATED
C05,S_STRUCTURAL,CLAIMED,STRUCTURAL
C05,F_FORMAL,CLAIMED,FORMAL
C05,M_MECHANISTIC,CLAIMED,MECHANISTIC
C05,P_PREDICTIVE,NOT_CLAIMED,PREDICTIVE
C05,V_VALIDATED,NOT_CLAIMED,VALIDATED
C06,S_STRUCTURAL,CLAIMED,STRUCTURAL
C06,F_FORMAL,CLAIMED,FORMAL
C06,M_MECHANISTIC,CLAIMED,MECHANISTIC
C06,P_PREDICTIVE,CLAIMED,PREDICTIVE
C06,V_VALIDATED,CLAIMED,VALIDATED
C07,S_STRUCTURAL,CLAIMED,STRUCTURAL
C07,F_FORMAL,CLAIMED,FORMAL
C07,M_MECHANISTIC,NOT_CLAIMED,MECHANISTIC
C07,P_PREDICTIVE,CLAIMED,PREDICTIVE
C07,V_VALIDATED,CLAIMED,VALIDATED
C08,S_STRUCTURAL,CLAIMED,STRUCTURAL
C08,F_FORMAL,CLAIMED,FORMAL
C08,M_MECHANISTIC,CLAIMED,MECHANISTIC
C08,P_PREDICTIVE,NOT_CLAIMED,PREDICTIVE
C08,V_VALIDATED,NOT_CLAIMED,VALIDATED
C09,S_STRUCTURAL,CLAIMED,STRUCTURAL
C09,F_FORMAL,CLAIMED,FORMAL
C09,M_MECHANISTIC,CLAIMED,MECHANISTIC
C09,P_PREDICTIVE,NOT_CLAIMED,PREDICTIVE
C09,V_VALIDATED,NOT_CLAIMED,VALIDATED
C10,S_STRUCTURAL,CLAIMED,STRUCTURAL
C10,F_FORMAL,CLAIMED,FORMAL
C10,M_MECHANISTIC,CLAIMED,MECHANISTIC
C10,P_PREDICTIVE,NOT_CLAIMED,PREDICTIVE
C10,V_VALIDATED,NOT_CLAIMED,VALIDATED
C11,S_STRUCTURAL,CLAIMED,STRUCTURAL
C11,F_FORMAL,CLAIMED,FORMAL
C11,M_MECHANISTIC,CLAIMED,MECHANISTIC
C11,P_PREDICTIVE,NOT_CLAIMED,PREDICTIVE
C11,V_VALIDATED,NOT_CLAIMED,VALIDATED
C12,S_STRUCTURAL,CLAIMED,STRUCTURAL
C12,F_FORMAL,CLAIMED,FORMAL
C12,M_MECHANISTIC,NEGATED,MECHANISTIC
C12,P_PREDICTIVE,NOT_CLAIMED,PREDICTIVE
C12,V_VALIDATED,NOT_CLAIMED,VALIDATED
C13,S_STRUCTURAL,CLAIMED,STRUCTURAL
C13,F_FORMAL,CLAIMED,FORMAL
C13,M_MECHANISTIC,CLAIMED,MECHANISTIC
C13,P_PREDICTIVE,NOT_CLAIMED,PREDICTIVE
C13,V_VALIDATED,NOT_CLAIMED,VALIDATED
C14,S_STRUCTURAL,CLAIMED,STRUCTURAL
C14,F_FORMAL,CLAIMED,FORMAL
C14,M_MECHANISTIC,NEGATED,MECHANISTIC
C14,P_PREDICTIVE,NOT_CLAIMED,PREDICTIVE
C14,V_VALIDATED,NOT_CLAIMED,VALIDATED
C15,S_STRUCTURAL,CLAIMED,STRUCTURAL
C15,F_FORMAL,CLAIMED,FORMAL
C15,M_MECHANISTIC,CLAIMED,MECHANISTIC
C15,P_PREDICTIVE,NOT_CLAIMED,PREDICTIVE
C15,V_VALIDATED,NOT_CLAIMED,VALIDATED
C16,S_STRUCTURAL,CLAIMED,STRUCTURAL
C16,F_FORMAL,CLAIMED,FORMAL
C16,M_MECHANISTIC,CLAIMED,MECHANISTIC
C16,P_PREDICTIVE,NOT_CLAIMED,PREDICTIVE
C16,V_VALIDATED,NOT_CLAIMED,VALIDATED
C17,S_STRUCTURAL,CLAIMED,STRUCTURAL
C17,F_FORMAL,CLAIMED,FORMAL
C17,M_MECHANISTIC,CLAIMED,MECHANISTIC
C17,P_PREDICTIVE,CLAIMED,PREDICTIVE
C17,V_VALIDATED,CLAIMED,VALIDATED
C18,S_STRUCTURAL,CLAIMED,STRUCTURAL
C18,F_FORMAL,CLAIMED,FORMAL
C18,M_MECHANISTIC,CLAIMED,MECHANISTIC
C18,P_PREDICTIVE,NOT_CLAIMED,PREDICTIVE
C18,V_VALIDATED,NOT_CLAIMED,VALIDATED
C19,S_STRUCTURAL,CLAIMED,STRUCTURAL
C19,F_FORMAL,CLAIMED,FORMAL
C19,M_MECHANISTIC,CLAIMED,MECHANISTIC
C19,P_PREDICTIVE,CLAIMED,PREDICTIVE
C19,V_VALIDATED,CLAIMED,VALIDATED
C20,S_STRUCTURAL,CLAIMED,STRUCTURAL
C20,F_FORMAL,CLAIMED,FORMAL
C20,M_MECHANISTIC,CLAIMED,MECHANISTIC
C20,P_PREDICTIVE,NOT_CLAIMED,PREDICTIVE
C20,V_VALIDATED,NOT_CLAIMED,VALIDATED
