blind_id,axis,obligation_id,requirement_mode,evaluator_status,evaluator_rationale,failure_family_if_blocking,ia_codes_if_fail
C01,S_STRUCTURAL,PO00,M,,,,
C01,S_STRUCTURAL,PO01,M,,,,
C01,S_STRUCTURAL,PO02,M,,,,
C01,S_STRUCTURAL,PO03,M,,,,
C01,S_STRUCTURAL,PO16,M,,,,
C01,F_FORMAL,PO00,M,,,,
C01,F_FORMAL,PO01,M,,,,
C01,F_FORMAL,PO02,M,,,,
C01,F_FORMAL,PO03,M,,,,
C01,F_FORMAL,PO04,M,,,,
C01,F_FORMAL,PO05,C,,,,
C01,F_FORMAL,PO06,M,,,,
C01,F_FORMAL,PO07,M,,,,
C01,F_FORMAL,PO09,C,,,,
C01,F_FORMAL,PO10,C,,,,
C01,F_FORMAL,PO11,C,,,,
C01,F_FORMAL,PO16,M,,,,
C01,M_MECHANISTIC,PO00,M,,,,
C01,M_MECHANISTIC,PO01,M,,,,
C01,M_MECHANISTIC,PO02,M,,,,
C01,M_MECHANISTIC,PO03,M,,,,
C01,M_MECHANISTIC,PO04,M,,,,
C01,M_MECHANISTIC,PO05,C,,,,
C01,M_MECHANISTIC,PO06,M,,,,
C01,M_MECHANISTIC,PO07,M,,,,
C01,M_MECHANISTIC,PO08,M,,,,
C01,M_MECHANISTIC,PO09,M,,,,
C01,M_MECHANISTIC,PO10,M,,,,
C01,M_MECHANISTIC,PO11,M,,,,
C01,M_MECHANISTIC,PO12,C,,,,
C01,M_MECHANISTIC,PO16,M,,,,
C01,P_PREDICTIVE,PO00,M,,,,
C01,P_PREDICTIVE,PO01,M,,,,
C01,P_PREDICTIVE,PO02,M,,,,
C01,P_PREDICTIVE,PO03,M,,,,
C01,P_PREDICTIVE,PO04,M,,,,
C01,P_PREDICTIVE,PO05,C,,,,
C01,P_PREDICTIVE,PO06,M,,,,
C01,P_PREDICTIVE,PO07,M,,,,
C01,P_PREDICTIVE,PO08,C,,,,
C01,P_PREDICTIVE,PO09,C,,,,
C01,P_PREDICTIVE,PO10,C,,,,
C01,P_PREDICTIVE,PO11,M,,,,
C01,P_PREDICTIVE,PO12,M,,,,
C01,P_PREDICTIVE,PO13,M,,,,
C01,P_PREDICTIVE,PO14,M,,,,
C01,P_PREDICTIVE,PO15,C,,,,
C01,P_PREDICTIVE,PO16,M,,,,
C01,V_VALIDATED,PO00,M,,,,
C01,V_VALIDATED,PO01,M,,,,
C01,V_VALIDATED,PO02,M,,,,
C01,V_VALIDATED,PO03,M,,,,
C01,V_VALIDATED,PO04,M,,,,
C01,V_VALIDATED,PO05,C,,,,
C01,V_VALIDATED,PO06,M,,,,
C01,V_VALIDATED,PO07,M,,,,
C01,V_VALIDATED,PO08,C,,,,
C01,V_VALIDATED,PO09,C,,,,
C01,V_VALIDATED,PO10,C,,,,
C01,V_VALIDATED,PO11,M,,,,
C01,V_VALIDATED,PO12,M,,,,
C01,V_VALIDATED,PO13,M,,,,
C01,V_VALIDATED,PO14,M,,,,
C01,V_VALIDATED,PO15,C,,,,
C01,V_VALIDATED,PO16,M,,,,
C01,V_VALIDATED,PO17,M,,,,
C02,S_STRUCTURAL,PO00,M,,,,
C02,S_STRUCTURAL,PO01,M,,,,
C02,S_STRUCTURAL,PO02,M,,,,
C02,S_STRUCTURAL,PO03,M,,,,
C02,S_STRUCTURAL,PO16,M,,,,
C02,F_FORMAL,PO00,M,,,,
C02,F_FORMAL,PO01,M,,,,
C02,F_FORMAL,PO02,M,,,,
C02,F_FORMAL,PO03,M,,,,
C02,F_FORMAL,PO04,M,,,,
C02,F_FORMAL,PO05,C,,,,
C02,F_FORMAL,PO06,M,,,,
C02,F_FORMAL,PO07,M,,,,
C02,F_FORMAL,PO09,C,,,,
C02,F_FORMAL,PO10,C,,,,
C02,F_FORMAL,PO11,C,,,,
C02,F_FORMAL,PO16,M,,,,
C02,M_MECHANISTIC,PO00,M,,,,
C02,M_MECHANISTIC,PO01,M,,,,
C02,M_MECHANISTIC,PO02,M,,,,
C02,M_MECHANISTIC,PO03,M,,,,
C02,M_MECHANISTIC,PO04,M,,,,
C02,M_MECHANISTIC,PO05,C,,,,
C02,M_MECHANISTIC,PO06,M,,,,
C02,M_MECHANISTIC,PO07,M,,,,
C02,M_MECHANISTIC,PO08,M,,,,
C02,M_MECHANISTIC,PO09,M,,,,
C02,M_MECHANISTIC,PO10,M,,,,
C02,M_MECHANISTIC,PO11,M,,,,
C02,M_MECHANISTIC,PO12,C,,,,
C02,M_MECHANISTIC,PO16,M,,,,
C02,P_PREDICTIVE,PO00,M,,,,
C02,P_PREDICTIVE,PO01,M,,,,
C02,P_PREDICTIVE,PO02,M,,,,
C02,P_PREDICTIVE,PO03,M,,,,
C02,P_PREDICTIVE,PO04,M,,,,
C02,P_PREDICTIVE,PO05,C,,,,
C02,P_PREDICTIVE,PO06,M,,,,
C02,P_PREDICTIVE,PO07,M,,,,
C02,P_PREDICTIVE,PO08,C,,,,
C02,P_PREDICTIVE,PO09,C,,,,
C02,P_PREDICTIVE,PO10,C,,,,
C02,P_PREDICTIVE,PO11,M,,,,
C02,P_PREDICTIVE,PO12,M,,,,
C02,P_PREDICTIVE,PO13,M,,,,
C02,P_PREDICTIVE,PO14,M,,,,
C02,P_PREDICTIVE,PO15,C,,,,
C02,P_PREDICTIVE,PO16,M,,,,
C02,V_VALIDATED,PO00,M,,,,
C02,V_VALIDATED,PO01,M,,,,
C02,V_VALIDATED,PO02,M,,,,
C02,V_VALIDATED,PO03,M,,,,
C02,V_VALIDATED,PO04,M,,,,
C02,V_VALIDATED,PO05,C,,,,
C02,V_VALIDATED,PO06,M,,,,
C02,V_VALIDATED,PO07,M,,,,
C02,V_VALIDATED,PO08,C,,,,
C02,V_VALIDATED,PO09,C,,,,
C02,V_VALIDATED,PO10,C,,,,
C02,V_VALIDATED,PO11,M,,,,
C02,V_VALIDATED,PO12,M,,,,
C02,V_VALIDATED,PO13,M,,,,
C02,V_VALIDATED,PO14,M,,,,
C02,V_VALIDATED,PO15,C,,,,
C02,V_VALIDATED,PO16,M,,,,
C02,V_VALIDATED,PO17,M,,,,
C03,S_STRUCTURAL,PO00,M,,,,
C03,S_STRUCTURAL,PO01,M,,,,
C03,S_STRUCTURAL,PO02,M,,,,
C03,S_STRUCTURAL,PO03,M,,,,
C03,S_STRUCTURAL,PO16,M,,,,
C03,F_FORMAL,PO00,M,,,,
C03,F_FORMAL,PO01,M,,,,
C03,F_FORMAL,PO02,M,,,,
C03,F_FORMAL,PO03,M,,,,
C03,F_FORMAL,PO04,M,,,,
C03,F_FORMAL,PO05,C,,,,
C03,F_FORMAL,PO06,M,,,,
C03,F_FORMAL,PO07,M,,,,
C03,F_FORMAL,PO09,C,,,,
C03,F_FORMAL,PO10,C,,,,
C03,F_FORMAL,PO11,C,,,,
C03,F_FORMAL,PO16,M,,,,
C03,M_MECHANISTIC,PO00,M,,,,
C03,M_MECHANISTIC,PO01,M,,,,
C03,M_MECHANISTIC,PO02,M,,,,
C03,M_MECHANISTIC,PO03,M,,,,
C03,M_MECHANISTIC,PO04,M,,,,
C03,M_MECHANISTIC,PO05,C,,,,
C03,M_MECHANISTIC,PO06,M,,,,
C03,M_MECHANISTIC,PO07,M,,,,
C03,M_MECHANISTIC,PO08,M,,,,
C03,M_MECHANISTIC,PO09,M,,,,
C03,M_MECHANISTIC,PO10,M,,,,
C03,M_MECHANISTIC,PO11,M,,,,
C03,M_MECHANISTIC,PO12,C,,,,
C03,M_MECHANISTIC,PO16,M,,,,
C03,P_PREDICTIVE,PO00,M,,,,
C03,P_PREDICTIVE,PO01,M,,,,
C03,P_PREDICTIVE,PO02,M,,,,
C03,P_PREDICTIVE,PO03,M,,,,
C03,P_PREDICTIVE,PO04,M,,,,
C03,P_PREDICTIVE,PO05,C,,,,
C03,P_PREDICTIVE,PO06,M,,,,
C03,P_PREDICTIVE,PO07,M,,,,
C03,P_PREDICTIVE,PO08,C,,,,
C03,P_PREDICTIVE,PO09,C,,,,
C03,P_PREDICTIVE,PO10,C,,,,
C03,P_PREDICTIVE,PO11,M,,,,
C03,P_PREDICTIVE,PO12,M,,,,
C03,P_PREDICTIVE,PO13,M,,,,
C03,P_PREDICTIVE,PO14,M,,,,
C03,P_PREDICTIVE,PO15,C,,,,
C03,P_PREDICTIVE,PO16,M,,,,
C03,V_VALIDATED,PO00,M,,,,
C03,V_VALIDATED,PO01,M,,,,
C03,V_VALIDATED,PO02,M,,,,
C03,V_VALIDATED,PO03,M,,,,
C03,V_VALIDATED,PO04,M,,,,
C03,V_VALIDATED,PO05,C,,,,
C03,V_VALIDATED,PO06,M,,,,
C03,V_VALIDATED,PO07,M,,,,
C03,V_VALIDATED,PO08,C,,,,
C03,V_VALIDATED,PO09,C,,,,
C03,V_VALIDATED,PO10,C,,,,
C03,V_VALIDATED,PO11,M,,,,
C03,V_VALIDATED,PO12,M,,,,
C03,V_VALIDATED,PO13,M,,,,
C03,V_VALIDATED,PO14,M,,,,
C03,V_VALIDATED,PO15,C,,,,
C03,V_VALIDATED,PO16,M,,,,
C03,V_VALIDATED,PO17,M,,,,
C04,S_STRUCTURAL,PO00,M,,,,
C04,S_STRUCTURAL,PO01,M,,,,
C04,S_STRUCTURAL,PO02,M,,,,
C04,S_STRUCTURAL,PO03,M,,,,
C04,S_STRUCTURAL,PO16,M,,,,
C04,F_FORMAL,PO00,M,,,,
C04,F_FORMAL,PO01,M,,,,
C04,F_FORMAL,PO02,M,,,,
C04,F_FORMAL,PO03,M,,,,
C04,F_FORMAL,PO04,M,,,,
C04,F_FORMAL,PO05,C,,,,
C04,F_FORMAL,PO06,M,,,,
C04,F_FORMAL,PO07,M,,,,
C04,F_FORMAL,PO09,C,,,,
C04,F_FORMAL,PO10,C,,,,
C04,F_FORMAL,PO11,C,,,,
C04,F_FORMAL,PO16,M,,,,
C04,M_MECHANISTIC,PO00,M,,,,
C04,M_MECHANISTIC,PO01,M,,,,
C04,M_MECHANISTIC,PO02,M,,,,
C04,M_MECHANISTIC,PO03,M,,,,
C04,M_MECHANISTIC,PO04,M,,,,
C04,M_MECHANISTIC,PO05,C,,,,
C04,M_MECHANISTIC,PO06,M,,,,
C04,M_MECHANISTIC,PO07,M,,,,
C04,M_MECHANISTIC,PO08,M,,,,
C04,M_MECHANISTIC,PO09,M,,,,
C04,M_MECHANISTIC,PO10,M,,,,
C04,M_MECHANISTIC,PO11,M,,,,
C04,M_MECHANISTIC,PO12,C,,,,
C04,M_MECHANISTIC,PO16,M,,,,
C04,P_PREDICTIVE,PO00,M,,,,
C04,P_PREDICTIVE,PO01,M,,,,
C04,P_PREDICTIVE,PO02,M,,,,
C04,P_PREDICTIVE,PO03,M,,,,
C04,P_PREDICTIVE,PO04,M,,,,
C04,P_PREDICTIVE,PO05,C,,,,
C04,P_PREDICTIVE,PO06,M,,,,
C04,P_PREDICTIVE,PO07,M,,,,
C04,P_PREDICTIVE,PO08,C,,,,
C04,P_PREDICTIVE,PO09,C,,,,
C04,P_PREDICTIVE,PO10,C,,,,
C04,P_PREDICTIVE,PO11,M,,,,
C04,P_PREDICTIVE,PO12,M,,,,
C04,P_PREDICTIVE,PO13,M,,,,
C04,P_PREDICTIVE,PO14,M,,,,
C04,P_PREDICTIVE,PO15,C,,,,
C04,P_PREDICTIVE,PO16,M,,,,
C04,V_VALIDATED,PO00,M,,,,
C04,V_VALIDATED,PO01,M,,,,
C04,V_VALIDATED,PO02,M,,,,
C04,V_VALIDATED,PO03,M,,,,
C04,V_VALIDATED,PO04,M,,,,
C04,V_VALIDATED,PO05,C,,,,
C04,V_VALIDATED,PO06,M,,,,
C04,V_VALIDATED,PO07,M,,,,
C04,V_VALIDATED,PO08,C,,,,
C04,V_VALIDATED,PO09,C,,,,
C04,V_VALIDATED,PO10,C,,,,
C04,V_VALIDATED,PO11,M,,,,
C04,V_VALIDATED,PO12,M,,,,
C04,V_VALIDATED,PO13,M,,,,
C04,V_VALIDATED,PO14,M,,,,
C04,V_VALIDATED,PO15,C,,,,
C04,V_VALIDATED,PO16,M,,,,
C04,V_VALIDATED,PO17,M,,,,
C05,S_STRUCTURAL,PO00,M,,,,
C05,S_STRUCTURAL,PO01,M,,,,
C05,S_STRUCTURAL,PO02,M,,,,
C05,S_STRUCTURAL,PO03,M,,,,
C05,S_STRUCTURAL,PO16,M,,,,
C05,F_FORMAL,PO00,M,,,,
C05,F_FORMAL,PO01,M,,,,
C05,F_FORMAL,PO02,M,,,,
C05,F_FORMAL,PO03,M,,,,
C05,F_FORMAL,PO04,M,,,,
C05,F_FORMAL,PO05,C,,,,
C05,F_FORMAL,PO06,M,,,,
C05,F_FORMAL,PO07,M,,,,
C05,F_FORMAL,PO09,C,,,,
C05,F_FORMAL,PO10,C,,,,
C05,F_FORMAL,PO11,C,,,,
C05,F_FORMAL,PO16,M,,,,
C05,M_MECHANISTIC,PO00,M,,,,
C05,M_MECHANISTIC,PO01,M,,,,
C05,M_MECHANISTIC,PO02,M,,,,
C05,M_MECHANISTIC,PO03,M,,,,
C05,M_MECHANISTIC,PO04,M,,,,
C05,M_MECHANISTIC,PO05,C,,,,
C05,M_MECHANISTIC,PO06,M,,,,
C05,M_MECHANISTIC,PO07,M,,,,
C05,M_MECHANISTIC,PO08,M,,,,
C05,M_MECHANISTIC,PO09,M,,,,
C05,M_MECHANISTIC,PO10,M,,,,
C05,M_MECHANISTIC,PO11,M,,,,
C05,M_MECHANISTIC,PO12,C,,,,
C05,M_MECHANISTIC,PO16,M,,,,
C06,S_STRUCTURAL,PO00,M,,,,
C06,S_STRUCTURAL,PO01,M,,,,
C06,S_STRUCTURAL,PO02,M,,,,
C06,S_STRUCTURAL,PO03,M,,,,
C06,S_STRUCTURAL,PO16,M,,,,
C06,F_FORMAL,PO00,M,,,,
C06,F_FORMAL,PO01,M,,,,
C06,F_FORMAL,PO02,M,,,,
C06,F_FORMAL,PO03,M,,,,
C06,F_FORMAL,PO04,M,,,,
C06,F_FORMAL,PO05,C,,,,
C06,F_FORMAL,PO06,M,,,,
C06,F_FORMAL,PO07,M,,,,
C06,F_FORMAL,PO09,C,,,,
C06,F_FORMAL,PO10,C,,,,
C06,F_FORMAL,PO11,C,,,,
C06,F_FORMAL,PO16,M,,,,
C06,M_MECHANISTIC,PO00,M,,,,
C06,M_MECHANISTIC,PO01,M,,,,
C06,M_MECHANISTIC,PO02,M,,,,
C06,M_MECHANISTIC,PO03,M,,,,
C06,M_MECHANISTIC,PO04,M,,,,
C06,M_MECHANISTIC,PO05,C,,,,
C06,M_MECHANISTIC,PO06,M,,,,
C06,M_MECHANISTIC,PO07,M,,,,
C06,M_MECHANISTIC,PO08,M,,,,
C06,M_MECHANISTIC,PO09,M,,,,
C06,M_MECHANISTIC,PO10,M,,,,
C06,M_MECHANISTIC,PO11,M,,,,
C06,M_MECHANISTIC,PO12,C,,,,
C06,M_MECHANISTIC,PO16,M,,,,
C06,P_PREDICTIVE,PO00,M,,,,
C06,P_PREDICTIVE,PO01,M,,,,
C06,P_PREDICTIVE,PO02,M,,,,
C06,P_PREDICTIVE,PO03,M,,,,
C06,P_PREDICTIVE,PO04,M,,,,
C06,P_PREDICTIVE,PO05,C,,,,
C06,P_PREDICTIVE,PO06,M,,,,
C06,P_PREDICTIVE,PO07,M,,,,
C06,P_PREDICTIVE,PO08,C,,,,
C06,P_PREDICTIVE,PO09,C,,,,
C06,P_PREDICTIVE,PO10,C,,,,
C06,P_PREDICTIVE,PO11,M,,,,
C06,P_PREDICTIVE,PO12,M,,,,
C06,P_PREDICTIVE,PO13,M,,,,
C06,P_PREDICTIVE,PO14,M,,,,
C06,P_PREDICTIVE,PO15,C,,,,
C06,P_PREDICTIVE,PO16,M,,,,
C06,V_VALIDATED,PO00,M,,,,
C06,V_VALIDATED,PO01,M,,,,
C06,V_VALIDATED,PO02,M,,,,
C06,V_VALIDATED,PO03,M,,,,
C06,V_VALIDATED,PO04,M,,,,
C06,V_VALIDATED,PO05,C,,,,
C06,V_VALIDATED,PO06,M,,,,
C06,V_VALIDATED,PO07,M,,,,
C06,V_VALIDATED,PO08,C,,,,
C06,V_VALIDATED,PO09,C,,,,
C06,V_VALIDATED,PO10,C,,,,
C06,V_VALIDATED,PO11,M,,,,
C06,V_VALIDATED,PO12,M,,,,
C06,V_VALIDATED,PO13,M,,,,
C06,V_VALIDATED,PO14,M,,,,
C06,V_VALIDATED,PO15,C,,,,
C06,V_VALIDATED,PO16,M,,,,
C06,V_VALIDATED,PO17,M,,,,
C07,S_STRUCTURAL,PO00,M,,,,
C07,S_STRUCTURAL,PO01,M,,,,
C07,S_STRUCTURAL,PO02,M,,,,
C07,S_STRUCTURAL,PO03,M,,,,
C07,S_STRUCTURAL,PO16,M,,,,
C07,F_FORMAL,PO00,M,,,,
C07,F_FORMAL,PO01,M,,,,
C07,F_FORMAL,PO02,M,,,,
C07,F_FORMAL,PO03,M,,,,
C07,F_FORMAL,PO04,M,,,,
C07,F_FORMAL,PO05,C,,,,
C07,F_FORMAL,PO06,M,,,,
C07,F_FORMAL,PO07,M,,,,
C07,F_FORMAL,PO09,C,,,,
C07,F_FORMAL,PO10,C,,,,
C07,F_FORMAL,PO11,C,,,,
C07,F_FORMAL,PO16,M,,,,
C07,P_PREDICTIVE,PO00,M,,,,
C07,P_PREDICTIVE,PO01,M,,,,
C07,P_PREDICTIVE,PO02,M,,,,
C07,P_PREDICTIVE,PO03,M,,,,
C07,P_PREDICTIVE,PO04,M,,,,
C07,P_PREDICTIVE,PO05,C,,,,
C07,P_PREDICTIVE,PO06,M,,,,
C07,P_PREDICTIVE,PO07,M,,,,
C07,P_PREDICTIVE,PO08,C,,,,
C07,P_PREDICTIVE,PO09,C,,,,
C07,P_PREDICTIVE,PO10,C,,,,
C07,P_PREDICTIVE,PO11,M,,,,
C07,P_PREDICTIVE,PO12,M,,,,
C07,P_PREDICTIVE,PO13,M,,,,
C07,P_PREDICTIVE,PO14,M,,,,
C07,P_PREDICTIVE,PO15,C,,,,
C07,P_PREDICTIVE,PO16,M,,,,
C07,V_VALIDATED,PO00,M,,,,
C07,V_VALIDATED,PO01,M,,,,
C07,V_VALIDATED,PO02,M,,,,
C07,V_VALIDATED,PO03,M,,,,
C07,V_VALIDATED,PO04,M,,,,
C07,V_VALIDATED,PO05,C,,,,
C07,V_VALIDATED,PO06,M,,,,
C07,V_VALIDATED,PO07,M,,,,
C07,V_VALIDATED,PO08,C,,,,
C07,V_VALIDATED,PO09,C,,,,
C07,V_VALIDATED,PO10,C,,,,
C07,V_VALIDATED,PO11,M,,,,
C07,V_VALIDATED,PO12,M,,,,
C07,V_VALIDATED,PO13,M,,,,
C07,V_VALIDATED,PO14,M,,,,
C07,V_VALIDATED,PO15,C,,,,
C07,V_VALIDATED,PO16,M,,,,
C07,V_VALIDATED,PO17,M,,,,
C08,S_STRUCTURAL,PO00,M,,,,
C08,S_STRUCTURAL,PO01,M,,,,
C08,S_STRUCTURAL,PO02,M,,,,
C08,S_STRUCTURAL,PO03,M,,,,
C08,S_STRUCTURAL,PO16,M,,,,
C08,F_FORMAL,PO00,M,,,,
C08,F_FORMAL,PO01,M,,,,
C08,F_FORMAL,PO02,M,,,,
C08,F_FORMAL,PO03,M,,,,
C08,F_FORMAL,PO04,M,,,,
C08,F_FORMAL,PO05,C,,,,
C08,F_FORMAL,PO06,M,,,,
C08,F_FORMAL,PO07,M,,,,
C08,F_FORMAL,PO09,C,,,,
C08,F_FORMAL,PO10,C,,,,
C08,F_FORMAL,PO11,C,,,,
C08,F_FORMAL,PO16,M,,,,
C08,M_MECHANISTIC,PO00,M,,,,
C08,M_MECHANISTIC,PO01,M,,,,
C08,M_MECHANISTIC,PO02,M,,,,
C08,M_MECHANISTIC,PO03,M,,,,
C08,M_MECHANISTIC,PO04,M,,,,
C08,M_MECHANISTIC,PO05,C,,,,
C08,M_MECHANISTIC,PO06,M,,,,
C08,M_MECHANISTIC,PO07,M,,,,
C08,M_MECHANISTIC,PO08,M,,,,
C08,M_MECHANISTIC,PO09,M,,,,
C08,M_MECHANISTIC,PO10,M,,,,
C08,M_MECHANISTIC,PO11,M,,,,
C08,M_MECHANISTIC,PO12,C,,,,
C08,M_MECHANISTIC,PO16,M,,,,
C09,S_STRUCTURAL,PO00,M,,,,
C09,S_STRUCTURAL,PO01,M,,,,
C09,S_STRUCTURAL,PO02,M,,,,
C09,S_STRUCTURAL,PO03,M,,,,
C09,S_STRUCTURAL,PO16,M,,,,
C09,F_FORMAL,PO00,M,,,,
C09,F_FORMAL,PO01,M,,,,
C09,F_FORMAL,PO02,M,,,,
C09,F_FORMAL,PO03,M,,,,
C09,F_FORMAL,PO04,M,,,,
C09,F_FORMAL,PO05,C,,,,
C09,F_FORMAL,PO06,M,,,,
C09,F_FORMAL,PO07,M,,,,
C09,F_FORMAL,PO09,C,,,,
C09,F_FORMAL,PO10,C,,,,
C09,F_FORMAL,PO11,C,,,,
C09,F_FORMAL,PO16,M,,,,
C09,M_MECHANISTIC,PO00,M,,,,
C09,M_MECHANISTIC,PO01,M,,,,
C09,M_MECHANISTIC,PO02,M,,,,
C09,M_MECHANISTIC,PO03,M,,,,
C09,M_MECHANISTIC,PO04,M,,,,
C09,M_MECHANISTIC,PO05,C,,,,
C09,M_MECHANISTIC,PO06,M,,,,
C09,M_MECHANISTIC,PO07,M,,,,
C09,M_MECHANISTIC,PO08,M,,,,
C09,M_MECHANISTIC,PO09,M,,,,
C09,M_MECHANISTIC,PO10,M,,,,
C09,M_MECHANISTIC,PO11,M,,,,
C09,M_MECHANISTIC,PO12,C,,,,
C09,M_MECHANISTIC,PO16,M,,,,
C10,S_STRUCTURAL,PO00,M,,,,
C10,S_STRUCTURAL,PO01,M,,,,
C10,S_STRUCTURAL,PO02,M,,,,
C10,S_STRUCTURAL,PO03,M,,,,
C10,S_STRUCTURAL,PO16,M,,,,
C10,F_FORMAL,PO00,M,,,,
C10,F_FORMAL,PO01,M,,,,
C10,F_FORMAL,PO02,M,,,,
C10,F_FORMAL,PO03,M,,,,
C10,F_FORMAL,PO04,M,,,,
C10,F_FORMAL,PO05,C,,,,
C10,F_FORMAL,PO06,M,,,,
C10,F_FORMAL,PO07,M,,,,
C10,F_FORMAL,PO09,C,,,,
C10,F_FORMAL,PO10,C,,,,
C10,F_FORMAL,PO11,C,,,,
C10,F_FORMAL,PO16,M,,,,
C10,M_MECHANISTIC,PO00,M,,,,
C10,M_MECHANISTIC,PO01,M,,,,
C10,M_MECHANISTIC,PO02,M,,,,
C10,M_MECHANISTIC,PO03,M,,,,
C10,M_MECHANISTIC,PO04,M,,,,
C10,M_MECHANISTIC,PO05,C,,,,
C10,M_MECHANISTIC,PO06,M,,,,
C10,M_MECHANISTIC,PO07,M,,,,
C10,M_MECHANISTIC,PO08,M,,,,
C10,M_MECHANISTIC,PO09,M,,,,
C10,M_MECHANISTIC,PO10,M,,,,
C10,M_MECHANISTIC,PO11,M,,,,
C10,M_MECHANISTIC,PO12,C,,,,
C10,M_MECHANISTIC,PO16,M,,,,
C11,S_STRUCTURAL,PO00,M,,,,
C11,S_STRUCTURAL,PO01,M,,,,
C11,S_STRUCTURAL,PO02,M,,,,
C11,S_STRUCTURAL,PO03,M,,,,
C11,S_STRUCTURAL,PO16,M,,,,
C11,F_FORMAL,PO00,M,,,,
C11,F_FORMAL,PO01,M,,,,
C11,F_FORMAL,PO02,M,,,,
C11,F_FORMAL,PO03,M,,,,
C11,F_FORMAL,PO04,M,,,,
C11,F_FORMAL,PO05,C,,,,
C11,F_FORMAL,PO06,M,,,,
C11,F_FORMAL,PO07,M,,,,
C11,F_FORMAL,PO09,C,,,,
C11,F_FORMAL,PO10,C,,,,
C11,F_FORMAL,PO11,C,,,,
C11,F_FORMAL,PO16,M,,,,
C11,M_MECHANISTIC,PO00,M,,,,
C11,M_MECHANISTIC,PO01,M,,,,
C11,M_MECHANISTIC,PO02,M,,,,
C11,M_MECHANISTIC,PO03,M,,,,
C11,M_MECHANISTIC,PO04,M,,,,
C11,M_MECHANISTIC,PO05,C,,,,
C11,M_MECHANISTIC,PO06,M,,,,
C11,M_MECHANISTIC,PO07,M,,,,
C11,M_MECHANISTIC,PO08,M,,,,
C11,M_MECHANISTIC,PO09,M,,,,
C11,M_MECHANISTIC,PO10,M,,,,
C11,M_MECHANISTIC,PO11,M,,,,
C11,M_MECHANISTIC,PO12,C,,,,
C11,M_MECHANISTIC,PO16,M,,,,
C12,S_STRUCTURAL,PO00,M,,,,
C12,S_STRUCTURAL,PO01,M,,,,
C12,S_STRUCTURAL,PO02,M,,,,
C12,S_STRUCTURAL,PO03,M,,,,
C12,S_STRUCTURAL,PO16,M,,,,
C12,F_FORMAL,PO00,M,,,,
C12,F_FORMAL,PO01,M,,,,
C12,F_FORMAL,PO02,M,,,,
C12,F_FORMAL,PO03,M,,,,
C12,F_FORMAL,PO04,M,,,,
C12,F_FORMAL,PO05,C,,,,
C12,F_FORMAL,PO06,M,,,,
C12,F_FORMAL,PO07,M,,,,
C12,F_FORMAL,PO09,C,,,,
C12,F_FORMAL,PO10,C,,,,
C12,F_FORMAL,PO11,C,,,,
C12,F_FORMAL,PO16,M,,,,
C12,M_MECHANISTIC,PO00,M,,,,
C12,M_MECHANISTIC,PO01,M,,,,
C12,M_MECHANISTIC,PO02,M,,,,
C12,M_MECHANISTIC,PO03,M,,,,
C12,M_MECHANISTIC,PO04,M,,,,
C12,M_MECHANISTIC,PO05,C,,,,
C12,M_MECHANISTIC,PO06,M,,,,
C12,M_MECHANISTIC,PO07,M,,,,
C12,M_MECHANISTIC,PO08,M,,,,
C12,M_MECHANISTIC,PO09,M,,,,
C12,M_MECHANISTIC,PO10,M,,,,
C12,M_MECHANISTIC,PO11,M,,,,
C12,M_MECHANISTIC,PO12,C,,,,
C12,M_MECHANISTIC,PO16,M,,,,
C13,S_STRUCTURAL,PO00,M,,,,
C13,S_STRUCTURAL,PO01,M,,,,
C13,S_STRUCTURAL,PO02,M,,,,
C13,S_STRUCTURAL,PO03,M,,,,
C13,S_STRUCTURAL,PO16,M,,,,
C13,F_FORMAL,PO00,M,,,,
C13,F_FORMAL,PO01,M,,,,
C13,F_FORMAL,PO02,M,,,,
C13,F_FORMAL,PO03,M,,,,
C13,F_FORMAL,PO04,M,,,,
C13,F_FORMAL,PO05,C,,,,
C13,F_FORMAL,PO06,M,,,,
C13,F_FORMAL,PO07,M,,,,
C13,F_FORMAL,PO09,C,,,,
C13,F_FORMAL,PO10,C,,,,
C13,F_FORMAL,PO11,C,,,,
C13,F_FORMAL,PO16,M,,,,
C13,M_MECHANISTIC,PO00,M,,,,
C13,M_MECHANISTIC,PO01,M,,,,
C13,M_MECHANISTIC,PO02,M,,,,
C13,M_MECHANISTIC,PO03,M,,,,
C13,M_MECHANISTIC,PO04,M,,,,
C13,M_MECHANISTIC,PO05,C,,,,
C13,M_MECHANISTIC,PO06,M,,,,
C13,M_MECHANISTIC,PO07,M,,,,
C13,M_MECHANISTIC,PO08,M,,,,
C13,M_MECHANISTIC,PO09,M,,,,
C13,M_MECHANISTIC,PO10,M,,,,
C13,M_MECHANISTIC,PO11,M,,,,
C13,M_MECHANISTIC,PO12,C,,,,
C13,M_MECHANISTIC,PO16,M,,,,
C14,S_STRUCTURAL,PO00,M,,,,
C14,S_STRUCTURAL,PO01,M,,,,
C14,S_STRUCTURAL,PO02,M,,,,
C14,S_STRUCTURAL,PO03,M,,,,
C14,S_STRUCTURAL,PO16,M,,,,
C14,F_FORMAL,PO00,M,,,,
C14,F_FORMAL,PO01,M,,,,
C14,F_FORMAL,PO02,M,,,,
C14,F_FORMAL,PO03,M,,,,
C14,F_FORMAL,PO04,M,,,,
C14,F_FORMAL,PO05,C,,,,
C14,F_FORMAL,PO06,M,,,,
C14,F_FORMAL,PO07,M,,,,
C14,F_FORMAL,PO09,C,,,,
C14,F_FORMAL,PO10,C,,,,
C14,F_FORMAL,PO11,C,,,,
C14,F_FORMAL,PO16,M,,,,
C14,M_MECHANISTIC,PO00,M,,,,
C14,M_MECHANISTIC,PO01,M,,,,
C14,M_MECHANISTIC,PO02,M,,,,
C14,M_MECHANISTIC,PO03,M,,,,
C14,M_MECHANISTIC,PO04,M,,,,
C14,M_MECHANISTIC,PO05,C,,,,
C14,M_MECHANISTIC,PO06,M,,,,
C14,M_MECHANISTIC,PO07,M,,,,
C14,M_MECHANISTIC,PO08,M,,,,
C14,M_MECHANISTIC,PO09,M,,,,
C14,M_MECHANISTIC,PO10,M,,,,
C14,M_MECHANISTIC,PO11,M,,,,
C14,M_MECHANISTIC,PO12,C,,,,
C14,M_MECHANISTIC,PO16,M,,,,
C15,S_STRUCTURAL,PO00,M,,,,
C15,S_STRUCTURAL,PO01,M,,,,
C15,S_STRUCTURAL,PO02,M,,,,
C15,S_STRUCTURAL,PO03,M,,,,
C15,S_STRUCTURAL,PO16,M,,,,
C15,F_FORMAL,PO00,M,,,,
C15,F_FORMAL,PO01,M,,,,
C15,F_FORMAL,PO02,M,,,,
C15,F_FORMAL,PO03,M,,,,
C15,F_FORMAL,PO04,M,,,,
C15,F_FORMAL,PO05,C,,,,
C15,F_FORMAL,PO06,M,,,,
C15,F_FORMAL,PO07,M,,,,
C15,F_FORMAL,PO09,C,,,,
C15,F_FORMAL,PO10,C,,,,
C15,F_FORMAL,PO11,C,,,,
C15,F_FORMAL,PO16,M,,,,
C15,M_MECHANISTIC,PO00,M,,,,
C15,M_MECHANISTIC,PO01,M,,,,
C15,M_MECHANISTIC,PO02,M,,,,
C15,M_MECHANISTIC,PO03,M,,,,
C15,M_MECHANISTIC,PO04,M,,,,
C15,M_MECHANISTIC,PO05,C,,,,
C15,M_MECHANISTIC,PO06,M,,,,
C15,M_MECHANISTIC,PO07,M,,,,
C15,M_MECHANISTIC,PO08,M,,,,
C15,M_MECHANISTIC,PO09,M,,,,
C15,M_MECHANISTIC,PO10,M,,,,
C15,M_MECHANISTIC,PO11,M,,,,
C15,M_MECHANISTIC,PO12,C,,,,
C15,M_MECHANISTIC,PO16,M,,,,
C16,S_STRUCTURAL,PO00,M,,,,
C16,S_STRUCTURAL,PO01,M,,,,
C16,S_STRUCTURAL,PO02,M,,,,
C16,S_STRUCTURAL,PO03,M,,,,
C16,S_STRUCTURAL,PO16,M,,,,
C16,F_FORMAL,PO00,M,,,,
C16,F_FORMAL,PO01,M,,,,
C16,F_FORMAL,PO02,M,,,,
C16,F_FORMAL,PO03,M,,,,
C16,F_FORMAL,PO04,M,,,,
C16,F_FORMAL,PO05,C,,,,
C16,F_FORMAL,PO06,M,,,,
C16,F_FORMAL,PO07,M,,,,
C16,F_FORMAL,PO09,C,,,,
C16,F_FORMAL,PO10,C,,,,
C16,F_FORMAL,PO11,C,,,,
C16,F_FORMAL,PO16,M,,,,
C16,M_MECHANISTIC,PO00,M,,,,
C16,M_MECHANISTIC,PO01,M,,,,
C16,M_MECHANISTIC,PO02,M,,,,
C16,M_MECHANISTIC,PO03,M,,,,
C16,M_MECHANISTIC,PO04,M,,,,
C16,M_MECHANISTIC,PO05,C,,,,
C16,M_MECHANISTIC,PO06,M,,,,
C16,M_MECHANISTIC,PO07,M,,,,
C16,M_MECHANISTIC,PO08,M,,,,
C16,M_MECHANISTIC,PO09,M,,,,
C16,M_MECHANISTIC,PO10,M,,,,
C16,M_MECHANISTIC,PO11,M,,,,
C16,M_MECHANISTIC,PO12,C,,,,
C16,M_MECHANISTIC,PO16,M,,,,
C17,S_STRUCTURAL,PO00,M,,,,
C17,S_STRUCTURAL,PO01,M,,,,
C17,S_STRUCTURAL,PO02,M,,,,
C17,S_STRUCTURAL,PO03,M,,,,
C17,S_STRUCTURAL,PO16,M,,,,
C17,F_FORMAL,PO00,M,,,,
C17,F_FORMAL,PO01,M,,,,
C17,F_FORMAL,PO02,M,,,,
C17,F_FORMAL,PO03,M,,,,
C17,F_FORMAL,PO04,M,,,,
C17,F_FORMAL,PO05,C,,,,
C17,F_FORMAL,PO06,M,,,,
C17,F_FORMAL,PO07,M,,,,
C17,F_FORMAL,PO09,C,,,,
C17,F_FORMAL,PO10,C,,,,
C17,F_FORMAL,PO11,C,,,,
C17,F_FORMAL,PO16,M,,,,
C17,M_MECHANISTIC,PO00,M,,,,
C17,M_MECHANISTIC,PO01,M,,,,
C17,M_MECHANISTIC,PO02,M,,,,
C17,M_MECHANISTIC,PO03,M,,,,
C17,M_MECHANISTIC,PO04,M,,,,
C17,M_MECHANISTIC,PO05,C,,,,
C17,M_MECHANISTIC,PO06,M,,,,
C17,M_MECHANISTIC,PO07,M,,,,
C17,M_MECHANISTIC,PO08,M,,,,
C17,M_MECHANISTIC,PO09,M,,,,
C17,M_MECHANISTIC,PO10,M,,,,
C17,M_MECHANISTIC,PO11,M,,,,
C17,M_MECHANISTIC,PO12,C,,,,
C17,M_MECHANISTIC,PO16,M,,,,
C17,P_PREDICTIVE,PO00,M,,,,
C17,P_PREDICTIVE,PO01,M,,,,
C17,P_PREDICTIVE,PO02,M,,,,
C17,P_PREDICTIVE,PO03,M,,,,
C17,P_PREDICTIVE,PO04,M,,,,
C17,P_PREDICTIVE,PO05,C,,,,
C17,P_PREDICTIVE,PO06,M,,,,
C17,P_PREDICTIVE,PO07,M,,,,
C17,P_PREDICTIVE,PO08,C,,,,
C17,P_PREDICTIVE,PO09,C,,,,
C17,P_PREDICTIVE,PO10,C,,,,
C17,P_PREDICTIVE,PO11,M,,,,
C17,P_PREDICTIVE,PO12,M,,,,
C17,P_PREDICTIVE,PO13,M,,,,
C17,P_PREDICTIVE,PO14,M,,,,
C17,P_PREDICTIVE,PO15,C,,,,
C17,P_PREDICTIVE,PO16,M,,,,
C17,V_VALIDATED,PO00,M,,,,
C17,V_VALIDATED,PO01,M,,,,
C17,V_VALIDATED,PO02,M,,,,
C17,V_VALIDATED,PO03,M,,,,
C17,V_VALIDATED,PO04,M,,,,
C17,V_VALIDATED,PO05,C,,,,
C17,V_VALIDATED,PO06,M,,,,
C17,V_VALIDATED,PO07,M,,,,
C17,V_VALIDATED,PO08,C,,,,
C17,V_VALIDATED,PO09,C,,,,
C17,V_VALIDATED,PO10,C,,,,
C17,V_VALIDATED,PO11,M,,,,
C17,V_VALIDATED,PO12,M,,,,
C17,V_VALIDATED,PO13,M,,,,
C17,V_VALIDATED,PO14,M,,,,
C17,V_VALIDATED,PO15,C,,,,
C17,V_VALIDATED,PO16,M,,,,
C17,V_VALIDATED,PO17,M,,,,
C18,S_STRUCTURAL,PO00,M,,,,
C18,S_STRUCTURAL,PO01,M,,,,
C18,S_STRUCTURAL,PO02,M,,,,
C18,S_STRUCTURAL,PO03,M,,,,
C18,S_STRUCTURAL,PO16,M,,,,
C18,F_FORMAL,PO00,M,,,,
C18,F_FORMAL,PO01,M,,,,
C18,F_FORMAL,PO02,M,,,,
C18,F_FORMAL,PO03,M,,,,
C18,F_FORMAL,PO04,M,,,,
C18,F_FORMAL,PO05,C,,,,
C18,F_FORMAL,PO06,M,,,,
C18,F_FORMAL,PO07,M,,,,
C18,F_FORMAL,PO09,C,,,,
C18,F_FORMAL,PO10,C,,,,
C18,F_FORMAL,PO11,C,,,,
C18,F_FORMAL,PO16,M,,,,
C18,M_MECHANISTIC,PO00,M,,,,
C18,M_MECHANISTIC,PO01,M,,,,
C18,M_MECHANISTIC,PO02,M,,,,
C18,M_MECHANISTIC,PO03,M,,,,
C18,M_MECHANISTIC,PO04,M,,,,
C18,M_MECHANISTIC,PO05,C,,,,
C18,M_MECHANISTIC,PO06,M,,,,
C18,M_MECHANISTIC,PO07,M,,,,
C18,M_MECHANISTIC,PO08,M,,,,
C18,M_MECHANISTIC,PO09,M,,,,
C18,M_MECHANISTIC,PO10,M,,,,
C18,M_MECHANISTIC,PO11,M,,,,
C18,M_MECHANISTIC,PO12,C,,,,
C18,M_MECHANISTIC,PO16,M,,,,
C19,S_STRUCTURAL,PO00,M,,,,
C19,S_STRUCTURAL,PO01,M,,,,
C19,S_STRUCTURAL,PO02,M,,,,
C19,S_STRUCTURAL,PO03,M,,,,
C19,S_STRUCTURAL,PO16,M,,,,
C19,F_FORMAL,PO00,M,,,,
C19,F_FORMAL,PO01,M,,,,
C19,F_FORMAL,PO02,M,,,,
C19,F_FORMAL,PO03,M,,,,
C19,F_FORMAL,PO04,M,,,,
C19,F_FORMAL,PO05,C,,,,
C19,F_FORMAL,PO06,M,,,,
C19,F_FORMAL,PO07,M,,,,
C19,F_FORMAL,PO09,C,,,,
C19,F_FORMAL,PO10,C,,,,
C19,F_FORMAL,PO11,C,,,,
C19,F_FORMAL,PO16,M,,,,
C19,M_MECHANISTIC,PO00,M,,,,
C19,M_MECHANISTIC,PO01,M,,,,
C19,M_MECHANISTIC,PO02,M,,,,
C19,M_MECHANISTIC,PO03,M,,,,
C19,M_MECHANISTIC,PO04,M,,,,
C19,M_MECHANISTIC,PO05,C,,,,
C19,M_MECHANISTIC,PO06,M,,,,
C19,M_MECHANISTIC,PO07,M,,,,
C19,M_MECHANISTIC,PO08,M,,,,
C19,M_MECHANISTIC,PO09,M,,,,
C19,M_MECHANISTIC,PO10,M,,,,
C19,M_MECHANISTIC,PO11,M,,,,
C19,M_MECHANISTIC,PO12,C,,,,
C19,M_MECHANISTIC,PO16,M,,,,
C19,P_PREDICTIVE,PO00,M,,,,
C19,P_PREDICTIVE,PO01,M,,,,
C19,P_PREDICTIVE,PO02,M,,,,
C19,P_PREDICTIVE,PO03,M,,,,
C19,P_PREDICTIVE,PO04,M,,,,
C19,P_PREDICTIVE,PO05,C,,,,
C19,P_PREDICTIVE,PO06,M,,,,
C19,P_PREDICTIVE,PO07,M,,,,
C19,P_PREDICTIVE,PO08,C,,,,
C19,P_PREDICTIVE,PO09,C,,,,
C19,P_PREDICTIVE,PO10,C,,,,
C19,P_PREDICTIVE,PO11,M,,,,
C19,P_PREDICTIVE,PO12,M,,,,
C19,P_PREDICTIVE,PO13,M,,,,
C19,P_PREDICTIVE,PO14,M,,,,
C19,P_PREDICTIVE,PO15,C,,,,
C19,P_PREDICTIVE,PO16,M,,,,
C19,V_VALIDATED,PO00,M,,,,
C19,V_VALIDATED,PO01,M,,,,
C19,V_VALIDATED,PO02,M,,,,
C19,V_VALIDATED,PO03,M,,,,
C19,V_VALIDATED,PO04,M,,,,
C19,V_VALIDATED,PO05,C,,,,
C19,V_VALIDATED,PO06,M,,,,
C19,V_VALIDATED,PO07,M,,,,
C19,V_VALIDATED,PO08,C,,,,
C19,V_VALIDATED,PO09,C,,,,
C19,V_VALIDATED,PO10,C,,,,
C19,V_VALIDATED,PO11,M,,,,
C19,V_VALIDATED,PO12,M,,,,
C19,V_VALIDATED,PO13,M,,,,
C19,V_VALIDATED,PO14,M,,,,
C19,V_VALIDATED,PO15,C,,,,
C19,V_VALIDATED,PO16,M,,,,
C19,V_VALIDATED,PO17,M,,,,
C20,S_STRUCTURAL,PO00,M,,,,
C20,S_STRUCTURAL,PO01,M,,,,
C20,S_STRUCTURAL,PO02,M,,,,
C20,S_STRUCTURAL,PO03,M,,,,
C20,S_STRUCTURAL,PO16,M,,,,
C20,F_FORMAL,PO00,M,,,,
C20,F_FORMAL,PO01,M,,,,
C20,F_FORMAL,PO02,M,,,,
C20,F_FORMAL,PO03,M,,,,
C20,F_FORMAL,PO04,M,,,,
C20,F_FORMAL,PO05,C,,,,
C20,F_FORMAL,PO06,M,,,,
C20,F_FORMAL,PO07,M,,,,
C20,F_FORMAL,PO09,C,,,,
C20,F_FORMAL,PO10,C,,,,
C20,F_FORMAL,PO11,C,,,,
C20,F_FORMAL,PO16,M,,,,
C20,M_MECHANISTIC,PO00,M,,,,
C20,M_MECHANISTIC,PO01,M,,,,
C20,M_MECHANISTIC,PO02,M,,,,
C20,M_MECHANISTIC,PO03,M,,,,
C20,M_MECHANISTIC,PO04,M,,,,
C20,M_MECHANISTIC,PO05,C,,,,
C20,M_MECHANISTIC,PO06,M,,,,
C20,M_MECHANISTIC,PO07,M,,,,
C20,M_MECHANISTIC,PO08,M,,,,
C20,M_MECHANISTIC,PO09,M,,,,
C20,M_MECHANISTIC,PO10,M,,,,
C20,M_MECHANISTIC,PO11,M,,,,
C20,M_MECHANISTIC,PO12,C,,,,
C20,M_MECHANISTIC,PO16,M,,,,
